{
  "bins": [
    -900.0,
    -850.0,
    -800.0,
    -750.0,
    -700.0,
    -650.0,
    -600.0,
    -550.0,
    -500.0,
    -450.0,
    -400.0,
    -350.0,
    -300.0,
    -250.0,
    -200.0,
    -150.0,
    -100.0,
    -50.0,
    0.0,
    50.0,
    100.0,
    150.0,
    200.0,
    250.0,
    300.0,
    350.0,
    400.0,
    450.0,
    500.0,
    550.0,
    600.0,
    650.0,
    700.0,
    750.0,
    800.0,
    850.0,
    900.0,
    950.0,
    1000.0
  ],
  "normalized_heights": [
    [
      0.0,
      0.0,
      0.0,
      0.0,
      0.0,
      0.0,
      0.0,
      0.0,
      0.0,
      0.0,
      0.0,
      0.0,
      0.0,
      0.0,
      0.0,
      0.005244755244755244,
      0.010830324909747294,
      0.009025270758122745,
      0.013307984790874526,
      0.008264462809917352,
      0.04398148148148148,
      0.07221006564551423,
      0.09126984126984126,
      0.1476274165202109,
      0.19415807560137455,
      0.21960072595281305,
      0.33476394849785407,
      0.42632612966601174,
      0.5327586206896552,
      0.6273932253313697,
      0.7240356083086054,
      0.8188854489164087,
      0.8877721943048577,
      0.9351145038167938,
      0.9563106796116505,
      0.9398496240601504,
      1.0,
      0.567567567567574,
      0.0
    ],
    [
      0.0,
      0.0,
      0.0,
      0.0,
      0.0,
      0.007177033492822967,
      0.010830324909747294,
      0.00792393026941363,
      0.014681892332789558,
      0.011844331641285955,
      0.007207207207207207,
      0.030664395229982964,
      0.035830618892508145,
      0.010309278350515464,
      0.04655172413793104,
      0.07167832167832167,
      0.10108303249097475,
      0.14259927797833935,
      0.20532319391634982,
      0.29338842975206614,
      0.3773148148148148,
      0.45733041575492345,
      0.5198412698412699,
      0.5342706502636204,
      0.570446735395189,
      0.5825771324863884,
      0.572961373390558,
      0.5049115913555992,
      0.4275862068965517,
      0.35051546391752575,
      0.26854599406528196,
      0.17956656346749225,
      0.11222780569514239,
      0.06488549618320609,
      0.043689320388349516,
      0.060150375939849614,
      0.0,
      0.4324324324324261,
      1.0
    ],
    [
      0.235294117647056,
      0.0,
      0.42553191489361725,
      0.4137931034482759,
      0.38400000000000006,
      0.4736842105263158,
      0.5072202166064982,
      0.5182250396196513,
      0.5432300163132137,
      0.6159052453468697,
      0.6576576576576577,
      0.747870528109029,
      0.8192182410423453,
      0.8745704467353952,
      0.8948275862068966,
      0.9213286713286714,
      0.8555956678700362,
      0.7978339350180506,
      0.7129277566539924,
      0.6363636363636364,
      0.5509259259259259,
      0.4704595185995623,
      0.3829365079365079,
      0.3181019332161687,
      0.23539518900343642,
      0.19782214156079855,
      0.09227467811158797,
      0.068762278978389,
      0.039655172413793106,
      0.022091310751104563,
      0.007418397626112759,
      0.0015479876160990702,
      0.0,
      0.0,
      0.0,
      0.0,
      0.0,
      0.0,
      0.0
    ],
    [
      0.764705882352944,
      0.0,
      0.5744680851063828,
      0.5862068965517241,
      0.616,
      0.5191387559808612,
      0.48194945848375453,
      0.473851030110935,
      0.44208809135399674,
      0.3722504230118443,
      0.33513513513513515,
      0.22146507666098808,
      0.14495114006514656,
      0.11512027491408935,
      0.05862068965517241,
      0.001748251748251737,
      0.032490974729241874,
      0.050541516245487375,
      0.06844106463878329,
      0.06198347107438017,
      0.02777777777777778,
      0.0,
      0.005952380952380951,
      0.0,
      0.0,
      0.0,
      0.0,
      0.0,
      0.0,
      0.0,
      0.0,
      0.0,
      0.0,
      0.0,
      0.0,
      0.0,
      0.0,
      0.0,
      0.0
    ]
  ]
}
