{
  "bins": [
    -900.0,
    -850.0,
    -800.0,
    -750.0,
    -700.0,
    -650.0,
    -600.0,
    -550.0,
    -500.0,
    -450.0,
    -400.0,
    -350.0,
    -300.0,
    -250.0,
    -200.0,
    -150.0,
    -100.0,
    -50.0,
    0.0,
    50.0,
    100.0,
    150.0,
    200.0,
    250.0,
    300.0,
    350.0,
    400.0,
    450.0,
    500.0,
    550.0,
    600.0,
    650.0,
    700.0,
    750.0,
    800.0,
    850.0,
    900.0,
    950.0,
    1000.0
  ],
  "normalized_heights": [
    [
      0.0,
      0.0,
      0.0,
      0.0,
      0.0,
      0.0,
      0.0,
      0.0,
      0.0,
      0.0,
      0.0,
      0.0,
      0.0,
      0.0,
      0.0,
      0.0,
      0.0,
      0.0,
      0.0,
      10711.157024793385,
      65981.01851851853,
      94992.34135667396,
      94153.96825396825,
      116293.49736379615,
      109446.90721649483,
      91079.40108892921,
      96144.20600858369,
      93813.06483300589,
      77782.75862068965,
      66597.79086892489,
      66466.46884272997,
      58018.034055727556,
      39772.19430485762,
      21040.07633587786,
      18361.16504854369,
      7189.849624060151,
      8100.0,
      539.1891891891953,
      0.0
    ],
    [
      0.0,
      0.0,
      0.0,
      0.0,
      0.0,
      0.0,
      0.0,
      0.0,
      0.0,
      0.0,
      0.0,
      0.0,
      0.0,
      0.0,
      0.0,
      0.0,
      0.0,
      0.0,
      0.0,
      380246.0743801653,
      566047.6851851852,
      601618.1619256018,
      536268.253968254,
      420871.704745167,
      321560.824742268,
      241623.8656987296,
      164554.50643776826,
      111105.7956777996,
      62427.58620689654,
      37207.21649484536,
      24652.522255192882,
      12722.291021671826,
      5027.805695142379,
      1459.923664122137,
      838.8349514563107,
      460.15037593984954,
      0.0,
      410.81081081080475,
      1000.0
    ],
    [
      0.0,
      0.0,
      0.0,
      0.0,
      0.0,
      0.0,
      0.0,
      0.0,
      0.0,
      0.0,
      0.0,
      0.0,
      0.0,
      0.0,
      0.0,
      0.0,
      0.0,
      0.0,
      0.0,
      824759.0909090909,
      826499.074074074,
      618889.4967177243,
      395037.30158730154,
      250584.7978910369,
      132692.2680412371,
      82046.7332123412,
      26501.287553648068,
      15131.1394891945,
      5789.6551724137935,
      2344.992636229749,
      681.0089020771513,
      109.67492260061913,
      0.0,
      0.0,
      0.0,
      0.0,
      0.0,
      0.0,
      0.0
    ],
    [
      0.0,
      0.0,
      0.0,
      0.0,
      0.0,
      0.0,
      0.0,
      0.0,
      0.0,
      0.0,
      0.0,
      0.0,
      0.0,
      0.0,
      0.0,
      0.0,
      0.0,
      0.0,
      0.0,
      80333.67768595042,
      41672.222222222226,
      0.0,
      6140.476190476189,
      0.0,
      0.0,
      0.0,
      0.0,
      0.0,
      0.0,
      0.0,
      0.0,
      0.0,
      0.0,
      0.0,
      0.0,
      0.0,
      0.0,
      0.0,
      0.0
    ]
  ]
}