{
  "bins": [
    -900.0,
    -850.0,
    -800.0,
    -750.0,
    -700.0,
    -650.0,
    -600.0,
    -550.0,
    -500.0,
    -450.0,
    -400.0,
    -350.0,
    -300.0,
    -250.0,
    -200.0,
    -150.0,
    -100.0,
    -50.0,
    0.0,
    50.0,
    100.0,
    150.0,
    200.0,
    250.0,
    300.0,
    350.0,
    400.0,
    450.0,
    500.0,
    550.0,
    600.0,
    650.0,
    700.0,
    750.0,
    800.0,
    850.0,
    900.0,
    950.0,
    1000.0
  ],
  "normalized_heights": [
    [
      0.0,
      0.0,
      0.0,
      0.0,
      0.0,
      0.0,
      0.0,
      0.0,
      0.0,
      0.0,
      0.0,
      0.0,
      0.0,
      0.0,
      0.0,
      826.5923076923075,
      1416.0321815368745,
      787.9904589994842,
      645.4730038022813,
      210.68618654073188,
      649.0661375661374,
      626.770990934667,
      469.6354875283445,
      456.15184534270645,
      368.0515954835541,
      253.41296344309046,
      246.58712446351927,
      198.5339882121807,
      160.36034482758618,
      122.37752998106457,
      106.68147520135648,
      88.62680229986731,
      56.43694663795166,
      32.381679389312964,
      17.951317614424408,
      12.244897959183671,
      5.657142857142857,
      1.7837837837838038,
      -0.0
    ],
    [
      0.0,
      0.0,
      0.0,
      0.0,
      0.0,
      6.266370471633629,
      19.773697782362042,
      30.723115236585915,
      116.8175250524353,
      195.8307952622673,
      236.63691119691117,
      1848.103674860063,
      3475.2936249418335,
      1378.082179675994,
      7332.609458128079,
      11296.761538461535,
      13216.30036101083,
      12450.249252191848,
      9958.726344378054,
      7479.359622195985,
      5568.304232804232,
      3969.5496092528915,
      2674.880385487528,
      1650.8352498116994,
      1081.355130093274,
      672.277365828364,
      422.043347639485,
      235.13011507156884,
      128.70344827586203,
      68.3705449189985,
      39.56833403984739,
      19.434232640424586,
      7.134481933476908,
      2.24689203925845,
      0.8201109570041608,
      0.7836734693877548,
      0.0,
      1.3590733590733388,
      -0.4285714285714217
    ],
    [
      6.326050420168034,
      0.0,
      38.85714285714287,
      77.68669950738915,
      156.91337142857142,
      413.5804511278195,
      926.0681794739555,
      2009.2917364727184,
      4322.248426940107,
      10183.2013536379,
      21593.118146718145,
      45073.19518130932,
      79457.84969753373,
      116907.30490918015,
      140949.0484729064,
      145204.71538461538,
      111866.54234141308,
      69658.3565755544,
      34578.91091797935,
      16222.836363636361,
      8130.407407407406,
      4083.507971241012,
      1970.4271541950109,
      982.8986191313078,
      446.2218458517426,
      228.28109929997407,
      67.9695278969957,
      32.02161100196464,
      11.936206896551722,
      4.309067957079738,
      1.0930479016532424,
      0.1675364882795222,
      0.0,
      0.0,
      0.0,
      0.0,
      0.0,
      0.0,
      -0.0
    ],
    [
      20.559663865546433,
      0.0,
      52.45714285714283,
      110.05615763546795,
      251.71519999999992,
      453.2674641148325,
      879.9295513151108,
      1837.2422911478375,
      3517.5054765788855,
      6154.6821368141145,
      11003.61637065637,
      13347.415429544899,
      14059.142391810143,
      15388.584339715268,
      9233.656354679802,
      275.5307692307674,
      4248.096544610623,
      4412.746570397112,
      3319.5754481260187,
      1580.1463990554898,
      409.9365079365079,
      0.0,
      30.628401360544206,
      0.0,
      0.0,
      0.0,
      0.0,
      0.0,
      0.0,
      0.0,
      0.0,
      0.0,
      0.0,
      0.0,
      0.0,
      0.0,
      0.0,
      0.0,
      -0.0
    ]
  ]
}